{
  "observation.state": {
    "mean": [
      3.3943366942080586,
      -1.64007686244977,
      -1.9680547452205188,
      -0.34639384096077125,
      1.39378811175173,
      1.7172047281613598,
      -3.0630027473799135e-07,
      -0.29972142955747905,
      -0.009366970695702855,
      -0.010064155710602648,
      -0.009927612537071523,
      0.17440307830012852,
      0.3205420039667425,
      0.3205640886797589,
      0.32092203793349944,
      0.3323837200050389,
      0.31819552827020214,
      0.31890405130203425,
      0.3193519511284684,
      0.3168822004603257,
      0.32186397930468047,
      0.3216689213128421,
      0.32175479179918864,
      0.3220837104957011
    ],
    "std": [
      7.844120202594726e-05,
      0.04024242822642532,
      0.057844639607511655,
      0.09849785091461838,
      5.859457646517157e-05,
      9.390533674117827e-05,
      4.632942250116287e-06,
      0.004405223819757413,
      0.007814133602738643,
      0.008325032097966995,
      0.007952021775806594,
      0.00012232662242022392,
      0.42011389028202684,
      0.42097201009765794,
      0.4206935852484692,
      0.41471423001989316,
      0.41774957920337885,
      0.41900112383188876,
      0.4188720016298262,
      0.41734982153375827,
      0.4210937808965429,
      0.42135317525762916,
      0.4214909531040025,
      0.42202380030731995
    ],
    "min": [
      3.3933827877044678,
      -1.7095792293548584,
      -2.0511457920074463,
      -0.5507336258888245,
      1.3932325839996338,
      1.7170116901397705,
      -1.5189816622296348e-05,
      -0.3000198006629944,
      -0.04204471409320831,
      -0.04214949533343315,
      -0.03543862700462341,
      0.17379271984100342,
      -0.001362339360639453,
      -0.0012410302879288793,
      -0.0013957780320197344,
      -0.000571958371438086,
      -0.04162955656647682,
      -0.04478372260928154,
      -0.046390168368816376,
      -0.002533854218199849,
      -3.7641177641489776e-07,
      -3.484196349745616e-05,
      -8.051858458202332e-05,
      -0.0002658888406585902
    ],
    "max": [
      3.3955681324005127,
      -1.5673902034759521,
      -1.8293119668960571,
      -0.19313108921051025,
      1.394260048866272,
      1.7181484699249268,
      0.00011758227628888562,
      -0.19956187903881073,
      0.01229106169193983,
      0.016530267894268036,
      0.014317111112177372,
      0.17455799877643585,
      0.9073205590248108,
      0.9100687503814697,
      0.9141904711723328,
      0.9112933874130249,
      0.9057986736297607,
      0.9145841598510742,
      0.9140743613243103,
      0.9098932147026062,
      0.9091216325759888,
      0.9152073264122009,
      0.9093300700187683,
      0.9141046404838562
    ],
    "q01": [
      3.394164562225342,
      -1.709486414194107,
      -2.05090069770813,
      -0.5463317036628723,
      1.393599271774292,
      1.7170811891555786,
      -4.421581097631133e-06,
      -0.30000140726566316,
      -0.02824748307466507,
      -0.03008476611226797,
      -0.028109518475830556,
      0.17397772267460823,
      -0.00026919133961200714,
      -0.0001725303784769494,
      -0.00029588089091703296,
      -0.00011528657341841608,
      -0.001724841771647334,
      -0.0010776723502203822,
      -0.001519152196124196,
      -0.0009017034317366779,
      -4.0255701394542556e-09,
      -2.6540174076217227e-05,
      -4.91421997139696e-05,
      -0.00015341391554102302
    ],
    "q99": [
      3.3945183753967285,
      -1.5706915855407715,
      -1.8428624868392944,
      -0.19331250667572022,
      1.3939036130905151,
      1.7174240839481354,
      5.081582621642153e-06,
      -0.299964040517807,
      0.010184074202552438,
      0.012587622739374638,
      0.007958517633378506,
      0.17453287541866302,
      0.9017928242683411,
      0.9071914964914322,
      0.9033661133050919,
      0.9063206207752228,
      0.9011036890745163,
      0.9099247467517853,
      0.9080191051959992,
      0.9058431279659271,
      0.9063892495632172,
      0.9068148136138916,
      0.9078479468822479,
      0.9095686841011047
    ]
  },
  "task_index": {
    "mean": [
      0.0
    ],
    "std": [
      0.0
    ],
    "min": [
      0.0
    ],
    "max": [
      0.0
    ],
    "q01": [
      0.0
    ],
    "q99": [
      0.0
    ]
  },
  "action": {
    "mean": [
      -2.7828402333445364e-08,
      -1.2880060579869655e-05,
      -3.733215006915006e-05,
      5.002772653257692e-05,
      6.705522537231445e-08,
      1.2888536824808492e-08,
      0.0,
      0.0,
      2.061823978657266e-05,
      -2.2097691298649925e-05,
      2.542471485938151e-05,
      -7.534956003164316e-06,
      0.001166004136011198,
      0.0011854850150366592,
      0.0011445796255524234,
      0.0011808401664232158,
      0.0011609781681644646,
      0.0011646935729878387,
      0.0011517266098821125,
      0.0011546222314649782,
      0.0011530202486122923,
      0.0011647009447991073,
      0.0011832839469183478,
      0.0011632288595232144
    ],
    "std": [
      3.5629616405540025e-06,
      0.000509430447239832,
      0.0007701809411348866,
      0.0012622507894942665,
      8.827222945673455e-06,
      2.896066349428364e-06,
      0.0,
      0.0,
      0.003962367651808034,
      0.004101702717708361,
      0.0039941542057134825,
      0.004505511565346667,
      0.019888128534880627,
      0.019824019719009295,
      0.020273394066582247,
      0.020203261122612753,
      0.01996352312659495,
      0.020106473588201057,
      0.020626217849446953,
      0.020384618915562036,
      0.019518612747814204,
      0.019729056889220005,
      0.020666779707707562,
      0.019887640770400183
    ],
    "min": [
      -6.437301635742188e-05,
      -0.001088857650756836,
      -0.0024776458740234375,
      -0.004656314849853516,
      -0.00016009807586669922,
      -5.2094459533691406e-05,
      0.0,
      0.0,
      -0.014805184677243233,
      -0.015438743866980076,
      -0.015105389058589935,
      -0.01899874210357666,
      -0.015644347295165062,
      -0.02069145441055298,
      -0.015403509140014648,
      -0.01579970121383667,
      -0.015683649107813835,
      -0.016302645206451416,
      -0.019869007170200348,
      -0.02162877470254898,
      -0.021081525832414627,
      -0.01890750043094158,
      -0.019416093826293945,
      -0.01581473834812641
    ],
    "max": [
      6.437301635742188e-05,
      0.001834273338317871,
      0.0031397342681884766,
      0.0033937692642211914,
      0.00015914440155029297,
      5.14984130859375e-05,
      0.0,
      0.0,
      0.02568921074271202,
      0.016882263123989105,
      0.01568635366857052,
      0.023775339126586914,
      0.4319351315498352,
      0.42862236499786377,
      0.4381325840950012,
      0.4344446361064911,
      0.43245476484298706,
      0.4356532692909241,
      0.44360822439193726,
      0.440768301486969,
      0.4193987250328064,
      0.4258750081062317,
      0.44851154088974,
      0.43053850531578064
    ],
    "q01": [
      -4.5299530029296875e-06,
      -0.0009592771530151367,
      -0.0019295215606689453,
      -0.003660895824432373,
      -9.894371032714844e-06,
      -3.6251544952392574e-06,
      0.0,
      0.0,
      -0.01063518412411213,
      -0.012021409347653389,
      -0.011185243725776672,
      -0.012491941452026367,
      -0.009841978549957275,
      -0.01260429434478283,
      -0.011996686458587646,
      -0.012970861047506332,
      -0.010264672338962555,
      -0.011297345161437988,
      -0.012305459938943386,
      -0.011646267026662827,
      -0.012082209810614586,
      -0.013643026351928711,
      -0.012314729392528534,
      -0.011792123317718506
    ],