{
  "timestamp": {
    "mean": [
      3.245
    ],
    "std": [
      1.5877106159498966
    ],
    "min": [
      0.5
    ],
    "max": [
      5.99
    ],
    "q01": [
      0.55
    ],
    "q99": [
      5.94
    ]
  },
  "action": {
    "mean": [
      3.3943343159935693,
      -1.6431676968227733,
      -1.9733921445933256,
      -0.33832489146969535,
      1.3937905785820701,
      1.7171991339163346,
      -6.007959690206893e-07,
      -0.2999166649905118,
      -0.010191542831692046,
      -0.009299314666554148,
      -0.010036217581814113,
      0.17439414502815767,
      0.3053781297515948,
      0.3051941960218539,
      0.3047482195959932,
      0.3058451598726142,
      0.301801556589025,
      0.3014701326934089,
      0.3021998871249413,
      0.29903563509986403,
      0.30685311546769656,
      0.3062958458558683,
      0.30651875484468355,
      0.3067615245515358
    ],
    "std": [
      8.719142081847575e-05,
      0.038695564888197656,
      0.053854167004827334,
      0.09349899951523104,
      6.989472506966878e-05,
      9.865614543406923e-05,
      3.080504190042213e-06,
      0.0013977950585628137,
      0.008327174557802224,
      0.008124200988149175,
      0.008185862921439843,
      0.00014552733593503416,
      0.4140401017079484,
      0.41417190328154463,
      0.41375772385637605,
      0.41447615030804,
      0.4097773114531861,
      0.40917101131281414,
      0.4104418861973862,
      0.40802887858998205,
      0.4148487337471486,
      0.4138645190815147,
      0.4144843941984026,
      0.4148963641546142
    ],
    "min": [
      3.3938045501708984,
      -1.709556221961975,
      -2.0511627197265625,
      -0.5388211011886597,
      1.393333911895752,
      1.7169787883758545,
      -2.9373582947300747e-05,
      -0.3001977205276489,
      -0.03798805549740791,
      -0.03273698687553406,
      -0.037687163800001144,
      0.1734822392463684,
      -0.0037231408059597015,
      -0.0031517520546913147,
      -0.002211187034845352,
      -0.0008056237711571157,
      -0.042694054543972015,
      -0.04497985541820526,
      -0.04227491468191147,
      -0.00503825768828392,
      -1.168941889773123e-05,
      -5.0685757742030546e-05,
      -7.201718835858628e-05,
      -0.00022772610827814788
    ],
    "max": [
      3.394798994064331,
      -1.5715031623840332,
      -1.8421878814697266,
      -0.19320592284202576,
      1.3940744400024414,
      1.7179545164108276,
      1.0251638741465285e-05,
      -0.26544812321662903,
      0.01533460896462202,
      0.020308010280132294,
      0.01329322811216116,
      0.1745556741952896,
      0.9070932865142822,
      0.9216779470443726,
      0.9121962189674377,
      0.9142905473709106,
      0.9203888773918152,
      0.9056410789489746,
      0.916668176651001,
      0.9173839092254639,
      0.9140183329582214,
      0.922711968421936,
      0.9120318293571472,
      0.9114482998847961
    ],
    "q01": [
      3.394101974964142,
      -1.7094690215587616,
      -2.0510237264633178,
      -0.5333485007286072,
      1.3935999870300293,
      1.7170403444766997,
      -8.177205918400432e-06,
      -0.3000021278858185,
      -0.030350031331181526,
      -0.028624699469655752,
      -0.028249988332390785,
      0.1738935112953186,
      -0.0003762047563213855,
      -0.0004457187606021762,
      -0.0004633897333405912,
      -0.000374308496247977,
      -0.002050868235528469,
      -0.0020690602250397205,
      -0.002235925290733576,
      -0.0010994443437084556,
      -2.202271004447809e-10,
      -3.3566706406418234e-05,
      -5.8421155699761584e-05,
      -0.0001825393846957013
    ],
    "q99": [
      3.3945186138153076,
      -1.5751395225524902,
      -1.8568181991577148,
      -0.19358248829841615,
      1.393937349319458,
      1.7174995350837707,
      8.653925760881975e-06,
      -0.29995348989963533,
      0.006907959724776447,
      0.012979780510067939,
      0.008643840439617634,
      0.17454314231872559,
      0.9050953596830368,
      0.9054785823822021,
      0.90531584918499,
      0.9079315370321274,
      0.9031568521261215,
      0.9007795131206513,
      0.9041334134340286,
      0.9069277530908585,
      0.9100436300039292,
      0.9085506308078766,
      0.9051224601268768,
      0.9065113151073456
    ]
  },
  "task_index": {
    "mean": [
      0.0
    ],
    "std": [
      0.0
    ],
    "min": [
      0.0
    ],
    "max": [
      0.0
    ],
    "q01": [
      0.0
    ],
    "q99": [
      0.0
    ]
  },
  "observation.state": {
    "mean": [
      3.3943343159935693,
      -1.6431676968227733,
      -1.9733921445933256,
      -0.33832489146969535,
      1.3937905785820701,
      1.7171991339163346,
      -6.007959690206893e-07,
      -0.2999166649905118,
      -0.010191542831692046,
      -0.009299314666554148,
      -0.010036217581814113,
      0.17439414502815767,
      0.3053781297515948,
      0.3051941960218539,
      0.3047482195959932,
      0.3058451598726142,
      0.301801556589025,
      0.3014701326934089,
      0.3021998871249413,
      0.29903563509986403,
      0.30685311546769656,
      0.3062958458558683,
      0.30651875484468355,
      0.3067615245515358
    ],
    "std": [
      8.719142081847575e-05,
      0.038695564888197656,
      0.053854167004827334,
      0.09349899951523104,
      6.989472506966878e-05,
      9.865614543406923e-05,
      3.080504190042213e-06,
      0.0013977950585628137,
      0.008327174557802224,
      0.008124200988149175,
      0.008185862921439843,
      0.00014552733593503416,
      0.4140401017079484,
      0.41417190328154463,
      0.41375772385637605,
      0.41447615030804,
      0.4097773114531861,
      0.40917101131281414,
      0.4104418861973862,
      0.40802887858998205,
      0.4148487337471486,
      0.4138645190815147,
      0.4144843941984026,
      0.4148963641546142
    ],
    "min": [
      3.3938045501708984,
      -1.709556221961975,
      -2.0511627197265625,
      -0.5388211011886597,
      1.393333911895752,
      1.7169787883758545,
      -2.9373582947300747e-05,
      -0.3001977205276489,
      -0.03798805549740791,
      -0.03273698687553406,
      -0.037687163800001144,
      0.1734822392463684,
      -0.0037231408059597015,
      -0.0031517520546913147,
      -0.002211187034845352,
      -0.0008056237711571157,
      -0.042694054543972015,
      -0.04497985541820526,
      -0.04227491468191147,
      -0.00503825768828392,
      -1.168941889773123e-05,
      -5.0685757742030546e-05,
      -7.201718835858628e-05,
      -0.00022772610827814788
    ],
    "max": [
      3.394798994064331,
      -1.5715031623840332,
      -1.8421878814697266,
      -0.19320592284202576,
      1.3940744400024414,
      1.7179545164108276,
      1.0251638741465285e-05,
      -0.26544812321662903,
      0.01533460896462202,
      0.020308010280132294,
      0.01329322811216116,
      0.1745556741952896,
      0.9070932865142822,
      0.9216779470443726,
      0.9121962189674377,
      0.9142905473709106,
      0.9203888773918152,
      0.9056410789489746,
      0.916668176651001,
      0.9173839092254639,
      0.9140183329582214,
      0.922711968421936,
      0.9120318293571472,
      0.9114482998847961
    ],
    "q01": [
      3.394101974964142,
      -1.7094690215587616,
      -2.0510237264633178,
      -0.5333485007286072,
      1.3935999870300293,
      1.7170403444766997,
      -8.177205918400432e-06,
      -0.3000021278858185,
      -0.030350031331181526,
      -0.028624699469655752,
      -0.028249988332390785,
      0.1738935112953186,
      -0.0003762047563213855,
      -0.0004457187606021762,
      -0.0004633897333405912,
      -0.000374308496247977,
      -0.002050868235528469,
      -0.0020690602250397205,
      -0.002235925290733576,
      -0.0010994443437084556,
      -2.202271004447809e-10,
      -3.3566706406418234e-05,
      -5.8421155699761584e-05,
      -0.0001825393846957013
    ],